"ID","T_Con_N2_set1","T_Con_N2_set2","T_PQ_N2_set1","T_PQ_N2_set2","baseMean","log2FoldChange","lfcSE","stat","pvalue","padj","foldChange","log10padj"
"WBGene00000063",23645.2275492426,22478.9301023095,11132.825941188,10179.0995292685,16859.0207805022,-1.11430447274387,0.0870853390397291,159.99317307255,1.13537659731301e-36,2.17756384274266e-34,0.461913791605854,33.6620291033034
"WBGene00000133",216.406225161662,209.142354501157,67.9048773298784,55.6871857199169,137.285160678153,-1.796178399997,0.308916181385675,32.9099390290622,9.65285008457856e-09,1.01606051353568e-07,0.287936302915407,6.99308042599697
"WBGene00000213",83.1455496673753,163.772849027361,17.8697045604943,12.3029828916095,69.27277153671,-3.0619851368375,0.548232789993822,29.1150009465107,6.82068159345681e-08,6.07526090302595e-07,0.119743135908278,6.21643506648497
"WBGene00000465",110766.95685893,116999.102030486,55005.3332644762,54061.8969273937,84208.3222703215,-1.06236060393182,0.0742522337933985,200.301640390994,1.79476443564511e-45,5.00095871426547e-43,0.47884790535245,42.3009467307834
"WBGene00000535",3424.91325821641,3474.64017531022,1627.33442864235,1526.21740397493,2513.27631653598,-1.13116898035939,0.0995391429461195,126.757693959872,2.09897993672335e-29,2.69545527874178e-27,0.456545647477038,26.5693678693099
"WBGene00000597",2648.12880789928,2387.9851905476,609.952582331539,517.372806862949,1540.85984691034,-2.16530748779759,0.137205643479962,234.250407924551,7.05400100828838e-53,2.81549964568656e-50,0.222934609779133,49.5504445229763
"WBGene00000608",2151.53347015989,1434.11900229365,378.837736682479,271.313149030758,1058.95083954169,-2.47075066487906,0.231782336548841,103.647200618367,2.41748654465782e-24,2.13781085577884e-22,0.180397260489147,21.6700307219174
"WBGene00000609",1504.59275493976,1309.07621891465,82.2006409782738,76.4079990110488,743.069403460933,-4.15693908513227,0.186504405522236,473.715682988091,4.97984275193578e-105,6.68566525096251e-102,0.0560578768588938,101.174855372179
"WBGene00000620",125.287814567278,133.89536981291,5.95656818683144,12.3029828916095,69.3606838646572,-3.74901842091622,0.520510220098668,51.5602149008245,6.94344806457651e-13,1.4925886611014e-11,0.074376031349729,10.8260598619517
"WBGene00000656",3246.09337742493,2648.02991704374,58.3743682309481,68.6376940268743,1505.28383918162,-5.51607064368096,0.188179723943586,806.276863397888,2.33004683608122e-177,3.44101316752474e-173,0.02185230623633,172.463313665486
"WBGene00000657",59.2269668863496,65.2878249500965,19.0610181978606,9.71288123021806,38.3221728161312,-2.1588839673541,0.61232659489926,11.9177235985136,0.000556023844343952,0.0020756724300484,0.22392942692755,2.68284118311995
"WBGene00000668",277.911152312871,127.255929987476,29.7828409341572,16.8356607990446,112.946396008387,-3.15340555675474,0.50679958650831,35.0429293686719,3.22515940624435e-09,3.72393699072842e-08,0.112390690371783,7.42899767592122
"WBGene00000670",12756.5774832138,12113.6579615035,2788.86522507448,3466.20354835715,7781.32605453722,-1.98941026197196,0.120812190004478,253.517587016327,4.44216781096644e-57,2.05006044476101e-54,0.251841813176511,53.688233333852
"WBGene00000673",1161.7597350784,1201.73860840347,279.958704781077,143.10311679188,696.640041263706,-2.49809536917824,0.274250522417692,75.5322857554184,3.59480583409315e-18,1.61853940725267e-16,0.177010228150693,15.7908767221842
"WBGene00000675",11310.0727150279,9571.85908166669,908.972305310477,1263.3220853437,5763.55654683719,-3.26031785737983,0.15995312149533,354.501741090971,4.43444550482565e-79,3.8522288950156e-76,0.104362993937396,75.4142879155016
"WBGene00000677",1580.90442381256,1604.53129114644,277.576077506345,204.618031249927,916.907455928818,-2.73903798892263,0.175585112260463,223.701038846426,1.40968638224698e-50,4.95672583167225e-48,0.149784683498003,47.3048051022941
"WBGene00000680",13139.2748077102,11538.2398432993,3635.88922124191,3003.22287638343,7829.15668715869,-1.89564122510605,0.123342689454766,221.836596621646,3.59569156179501e-50,1.20684484055883e-47,0.268754119701616,46.9183485618999
"WBGene00000693",12405.7716024254,9087.17997441004,1592.78633315873,1500.96391277637,6146.67545569263,-2.79708879828267,0.149455018362692,309.28769858148,3.12172992430814e-69,2.09553216009921e-66,0.14387733045356,65.6787056696684
"WBGene00000696",27853.7591385707,25240.9370696899,7128.82080599986,6686.99496429746,16727.6279946395,-1.94268756928194,0.09097942074645,426.84881330145,7.88404979123228e-95,8.31654623692274e-92,0.260131394708508,91.0800569936202
"WBGene00000698",2052.4421986385,2172.20339622101,116.748736461896,182.6021671281,1130.99912461238,-3.79257430370542,0.195963966701722,327.565737123222,3.25820890369014e-73,2.4058614544848e-70,0.0721641289365493,69.6187293858429
"WBGene00000712",63.7828874160688,54.2220919077073,5.95656818683144,4.5326779074351,32.1235563545106,-3.5239634413624,0.707733406999245,24.6379277586106,6.91767446584663e-07,5.042458860396e-06,0.0869323261140141,5.29735763635285
"WBGene00000713",12041.2979600478,10430.5599657561,1467.69840123527,1537.22533603585,6369.19541576876,-2.90163683800899,0.106686987605586,655.224763685181,1.6324314951668e-144,8.03591610687441e-141,0.133819768806433,140.094964605835
"WBGene00000715",160.596198672602,209.142354501157,55.9917409562155,62.1624398733956,121.973183500842,-1.64038043130457,0.337402570306947,23.1220225467807,1.5203932837985e-06,1.02510668549674e-05,0.320771877333633,4.98923093410924
"WBGene00000716",9512.76206605368,7467.15665700426,933.989891695169,1078.77734196955,4748.17148918067,-3.07378472914325,0.142434965038127,405.576953010565,3.36451758552676e-90,3.1054497314412e-87,0.118767768397054,86.5078754963764
"WBGene00000731",239.185827810258,147.174249463777,57.1830545935818,23.3109149525234,116.713511705035,-2.29709158808362,0.488549179396535,20.5706040181159,5.74718684108716e-06,3.43621276393422e-05,0.203472878580892,4.46391995329777
"WBGene00000732",66.0608476809284,37.6234923441234,7.14788182419772,10.3604066455659,30.2981571237039,-2.53712691027222,0.705842011575528,12.4988276999878,0.000407207458552081,0.00156932143734268,0.172285487932131,2.80428809263578
"WBGene00000733",1189.09525825671,962.718774687864,106.0269137256,122.382303500748,595.05581254273,-3.22507904504273,0.200268743169756,240.45440508912,3.13058367625051e-54,1.2842349925241e-51,0.106943518630619,50.8913555007074
"WBGene00000751",8257.60596011605,6534.31536153084,827.962977969569,880.634564873105,4125.12971612239,-3.11235454048821,0.135286806717852,462.179862292142,1.61256784555182e-102,1.9845334952591e-99,0.115634632947393,98.7023415666064
"WBGene00000754",20593.8997744632,18551.7014455656,3782.42079863796,3857.95642464262,11696.4946108273,-2.35686627929668,0.090523665311989,619.539820056079,9.41552791197982e-137,3.47621290510295e-133,0.195214716400036,132.458893632488
"WBGene00000757",11738.3292448215,10319.9026353322,2654.24678405209,2924.87230112633,6909.33774133303,-1.98196203952048,0.106679066432875,323.544609820932,2.44805710935247e-72,1.7215670186151e-69,0.253145362561238,68.7640760660478
"WBGene00000982",702.750741709186,692.714888453566,303.784977528403,373.622164655722,518.218193086719,-1.03543257936496,0.181841686716668,32.0689333119973,1.48797840815441e-08,1.50304139067198e-07,0.487869575072203,6.82302905967062
"WBGene00000983",203.877443704934,138.321663029865,91.7311500772041,62.8099652887435,124.185055525187,-1.16010366919998,0.375438045696619,9.36134524800417,0.00221609436264381,0.00704115351710926,0.447480379257445,2.15235618672753
"WBGene00000989",2725.57945690451,1231.61608761792,11.9131363736629,8.41783039952232,994.381627823904,-7.62902574300685,0.694643013129669,79.138792966114,5.78962556260251e-19,2.88855372663898e-17,0.0050516634990506,16.5393195502393
"WBGene00001387",1072.91928474887,1566.90779880232,269.236882044781,334.123114319501,810.796769978867,-2.12376447675641,0.219342497076054,88.0304767743988,6.44536862501877e-21,3.94959352092437e-19,0.229447425334019,18.4034475982225
"WBGene00001397",2926.03996021215,2011.75026710636,654.031186914092,1159.07049347269,1687.72297692632,-1.44430734980216,0.48087522511581,8.67688689910108,0.00322271011505364,0.0097847415664293,0.367468540756399,2.00945064039493
"WBGene00001399",1946.51704632253,1180.71371562293,432.446850363962,645.582839101827,1051.31511285281,-1.53498777491578,0.451107065866515,11.0920163113996,0.000867001651709104,0.00308527238372049,0.345082262488861,2.51070648818673
"WBGene00001478",143.511496686155,118.403343553565,40.5046636704538,43.3842028283074,86.4509266846202,-1.63812067191989,0.381678919455099,18.0616460864537,2.1386641378542e-05,0.000111367390648204,0.321274710733982,3.95324195579361
"WBGene00001633",353.083841053238,421.60442891503,177.505731967577,185.192268789491,284.346567681334,-1.09325768021888,0.22344758459205,23.6556607744076,1.15206521548285e-06,8.01398921443743e-06,0.468701825770157,5.09615124639464
"WBGene00001686",9963.79819849588,8180.89643823836,4119.56255801262,4094.30320124459,6589.64009899786,-1.1434200051105,0.116119957954958,94.7065811014557,2.20803874884425e-22,1.57528097791942e-20,0.452685184187235,19.8026419712226
"WBGene00001692",220.962145691381,189.224035024856,84.5832682530064,85.473354825919,145.060700948791,-1.269493282198,0.294187165363376,18.3622983142891,1.82636274311764e-05,9.65690117807423e-05,0.414805439445542,4.01516221283586
"WBGene00001693",27.3355231783152,16.5985995635839,2.38262727473257,1.29505083069574,11.9029502118318,-3.65134322707756,1.18645376422079,9.41840581880276,0.00214818196514015,0.00685043214450221,0.0795859059208019,2.16428203112758
"WBGene00001921",93.3963708592435,289.922205710598,52.4178000441166,66.0475923654828,125.44599224486,-1.68902896554331,0.523913981183619,9.9820419069185,0.00158074293443041,0.0052542002376026,0.310135597654643,2.27949338026925
"WBGene00001931",124.148834434848,351.890310747978,61.9483091430469,82.8832531645275,155.2176768726,-1.71047131411449,0.48426712039155,11.9661233944122,0.000541765361745429,0.00203014231470604,0.305560229628992,2.69247351660643
"WBGene00001939",93.3963708592435,289.922205710598,52.4178000441166,66.0475923654828,125.44599224486,-1.68902896554331,0.523913981183619,9.9820419069185,0.00158074293443041,0.0052542002376026,0.310135597654643,2.27949338026925
"WBGene00003026",22900.3345426335,22265.3614545914,11210.2613276168,10071.6103103208,16611.8919087906,-1.08611493207943,0.0889650524841899,145.799405583343,1.43613162143469e-33,2.41008997560767e-31,0.471028111075364,30.6179667436573
"WBGene00003410",15542.522887137,16504.5408327235,7636.3204155179,7247.10444857337,11732.622145988,-1.10690601198488,0.0836123868988204,171.437856292532,3.59030944970597e-39,7.91368506765041e-37,0.46428867242726,36.101621236873
"WBGene00003485",425.978569528745,335.291711184394,209.671200176467,111.374371439834,270.57896308236,-1.25955580975892,0.330624796620016,14.1187107977976,0.000171628075569718,0.000724172405718172,0.417672536788163,3.14015802781043
"WBGene00003530",1447.64374831827,1371.04432395203,364.541973034084,503.127247725296,921.58932325742,-1.69106356431619,0.181103628719005,83.9261890357466,5.13596409810724e-20,2.88395124718052e-18,0.309698529005783,17.5400120855821
"WBGene00003664",88.8404503295243,68.6075448628133,1.19131363736629,3.23762707673936,40.4692339766108,-5.01269894201329,0.811719428284551,44.1568526389822,3.03088899802e-11,4.89717382087082e-10,0.030976137200307,9.31005448080814
"WBGene00003764",87.7014701970945,97.3784507730253,22.6349591099595,33.0237961827414,60.1846690657052,-1.71125993452415,0.4662080799532,13.2322172736197,0.000275178100357047,0.00110250411993295,0.305393246879599,2.95761977894783
"WBGene00003766",276.772172180441,331.971991271677,142.957636483954,133.390235561661,221.273008874434,-1.14274770979021,0.248780422034718,20.8126690959893,5.06468234498365e-06,3.07546171343415e-05,0.452896184463802,4.51208967515878
"WBGene00003767",479.510635752945,511.236866558383,227.540904736961,236.346776601973,363.658795912565,-1.0930820287024,0.190419471793138,32.5880790791689,1.13911288709366e-08,1.18301118963426e-07,0.468758894794564,6.92701114753316
"WBGene00003879",623.0221324391,721.485794363778,73.8614455167098,110.726846024486,382.274054586019,-2.84008863709819,0.246940839611201,123.593071986922,1.03419611709664e-28,1.24170798839701e-26,0.139652311959242,25.905980524883
"WBGene00003958",821.204675481885,730.33838079769,171.549163780745,190.372472112274,478.366173043149,-2.09372788599564,0.185191691255268,123.152183753038,1.29152992371242e-28,1.52586511307081e-26,0.234274545257353,25.8164838564455
"WBGene00003979",642.384794690407,709.31348801715,319.272054814165,315.992402689761,496.740685052871,-1.08991029536906,0.170211734048019,40.4905929608069,1.97564941531884e-10,2.81353814517152e-09,0.469790584578389,8.55074719242568
"WBGene00003987",168.56905959961,153.81368928921,42.8872909451863,82.8832531645275,112.038323249634,-1.33457764739079,0.406081122502499,10.6358607849885,0.00110915645654672,0.00383158422228817,0.396508130070014,2.41662162374869
"WBGene00003995",375.863443701834,455.908201346437,218.010395638031,142.455591376532,298.059408015708,-1.21887638451048,0.273811755670724,19.358729806663,1.08322906207147e-05,6.05493065430412e-05,0.429617187098796,4.21789082636495
"WBGene00004112",1551.29094036939,1634.40877036089,501.543041331207,355.491453025981,1010.68355127187,-1.90350765677061,0.183631313720684,101.817068612672,6.08931979539303e-24,5.13868998504939e-22,0.267292700236232,21.2891475823233
"WBGene00004130",4563.89339064621,4545.8031338135,2387.39252928204,1934.15841564409,3357.81186734646,-1.07835490377262,0.1252470126639,72.619797828334,1.57194207869697e-17,6.41282890005439e-16,0.473568522852376,15.192950347289
"WBGene00004226",144.650476818585,199.183194763006,72.6701318793435,92.5961343947455,127.27498446392,-1.04775754407514,0.344324681992836,9.17171166941743,0.00245784584730108,0.007690790514166,0.483719450726079,2.11402901802753
"WBGene00004989",361.056701980246,229.060673977457,150.105518308152,124.324879746791,216.136943503162,-1.10986558561644,0.308970932806493,12.6749110012874,0.000370594854323519,0.00144176628257369,0.463337197574913,2.8411051351888
"WBGene00005040",152.623337745593,147.174249463777,30.9741545715235,30.4336945213499,90.3013590755608,-2.28884736642943,0.377599727522744,35.7614575699449,2.23016524852556e-09,2.65819857871069e-08,0.204638944547159,7.57541257854118
"WBGene00006050",194.765602645496,122.829636770521,48.8438591320178,52.4495586431776,104.722164297803,-1.64469663736712,0.391467216623349,17.1891322626501,3.38366550432754e-05,0.000167740759207483,0.319813637047197,3.77536139566413
"WBGene00006408",699.333801311897,728.125234189212,150.105518308152,137.922913469097,428.871866819589,-2.31519073774936,0.187414904852743,146.860160281356,8.41978459994399e-34,1.42923424105716e-31,0.200936180291186,30.8448965876809
"WBGene00006587",2574.09509929135,2679.01396956243,421.725027627666,381.392469639896,1514.05664153034,-2.71547009140957,0.123489907513802,450.642758199222,5.22677532224618e-100,5.93761676607166e-97,0.152251664807544,96.2263878366745
"WBGene00006754",9903.4322514771,10271.2134099457,4068.33607160587,3639.09283425504,6970.51864182093,-1.38951746230804,0.0951512400125633,206.269225863846,8.95053524615742e-47,2.64363009030506e-44,0.381692445427643,43.5777993135503
"WBGene00006759",3782.55301979936,4047.84514690598,1989.4937744017,1711.40967276442,2882.82540346787,-1.08364746166769,0.116532736527713,84.7860809519708,3.3245656182557e-20,1.91039630546304e-18,0.471834409266675,17.7188765304369
"WBGene00006764",3730.15993370759,3459.14814905088,1057.88650998126,982.29605508272,2307.37266195561,-1.81947464247603,0.109281623499631,265.032446313852,1.37278520352677e-59,6.75776396189442e-57,0.283324125045741,56.1701969815219
"WBGene00006789",20645.1538804225,21203.051082522,5266.79759079636,4772.26231111381,12971.8162162137,-2.06056334315127,0.0880063384327609,510.255908441922,5.57874284116537e-113,1.02983592847913e-109,0.239722404816382,108.987231960763
"WBGene00006819",3349.74056947604,3350.70396523546,1312.82762837765,1278.2151698967,2322.87183324646,-1.37156497820096,0.0980861873487971,190.702754722232,2.23324474673103e-43,5.99646516722253e-41,0.386471791693028,40.2221046847427
"WBGene00006925",42915.6324098224,27809.2937088284,12573.1241287638,9317.24320144051,23153.8233622138,-1.69199794483126,0.375329383224558,19.2564192428934,1.14285466518154e-05,6.35454732507568e-05,0.30949801359962,4.19691538157321
"WBGene00006927",261580.455174093,244447.575772899,70636.5595003593,50106.811690449,156692.85053445,-2.06737652271219,0.148845454533949,178.395706702471,1.08570320008974e-40,2.67227747648756e-38,0.238592976064055,37.5731184487972
"WBGene00006928",296223.674882077,252420.436429941,52200.980962116,38621.0058730084,159866.524536786,-2.59488119053145,0.146605879375477,278.469132123478,1.61883274670111e-62,8.85441555677108e-60,0.165524744606099,59.0528400995045
"WBGene00006929",769697.715933145,771500.694568769,354593.312848438,302744.680217159,549634.100891878,-1.22936567807559,0.0978758392841304,153.21590296587,3.436274433089e-35,5.97022362680687e-33,0.426504929692549,32.2240094011873
"WBGene00006980",164.013139069891,164.8794223316,50.0351727693841,66.6951177808307,111.405712987926,-1.47907053171777,0.343990942574015,18.204498643434,1.98409631443602e-05,0.000104015386480622,0.358719845818184,3.98290241291883
"WBGene00007071",676.554198663301,683.862302019655,349.054895748322,284.911182753063,498.595644796085,-1.10907030095107,0.183610765020666,35.8924195601341,2.08518403829165e-09,2.49951281473141e-08,0.463592682303069,7.60214463232492
"WBGene00007142",452.17511257463,566.565531770329,208.4798865391,281.026030260976,377.061640286259,-1.04912216952355,0.237215933819531,19.3187516688229,1.10614683292124e-05,6.16669551852809e-05,0.483262123457152,4.20994749439639
"WBGene00007290",2593.45776154265,2785.24500676937,1386.68907389436,1230.29828916095,1998.92253284183,-1.04203844455918,0.117727382426572,77.0334503787881,1.68086818588078e-18,7.8306187284187e-17,0.485640806369514,16.1062039212471
"WBGene00007331",3833.8071257587,4121.98555828999,1592.78633315873,1360.45089764588,2727.25747871332,-1.43273553453753,0.119193741409899,139.805626031742,2.93574980978804e-32,4.61225033946274e-30,0.370427847702994,29.3360871285029
"WBGene00007358",76.3116688727965,15.4920262593449,0,1.94257624604361,23.4365678445463,-5.30848851685274,1.30363095286626,17.0497068879873,3.6413995271275e-05,0.000179404649768596,0.0252339782731636,3.74616630520121
"WBGene00007362",654.913576147135,528.942039426205,226.349591099595,161.23382842162,392.859758773639,-1.622455335944,0.241172840444142,43.6291853548476,3.9687591148266e-11,6.26851707034858e-10,0.324782243344784,9.20283518713369
"WBGene00007384",330.304238404642,492.425120386321,116.748736461896,80.293151503136,254.942811688999,-2.07726261093695,0.309992726388371,42.4872002432059,7.11462921214867e-11,1.08206842641618e-09,0.236963603338099,8.96574527501934
"WBGene00007459",1596.85014566658,1533.71059967515,740.997082441831,683.786838607352,1138.83616659773,-1.13842793637387,0.126165740448057,80.0774469069683,3.60018309250016e-19,1.82080492842611e-17,0.454254296015935,16.7397365797658
"WBGene00007963",526.208821182567,264.471019713103,175.123104692844,99.0713885482243,266.218583534185,-1.53831051579097,0.389964328456835,14.9509193684729,0.000110344283051762,0.000486291964222148,0.34428840134516,3.31310290691303
"WBGene00007964",468.120834428647,293.241925623315,196.566750165437,132.742710146314,272.668055090928,-1.21819391491437,0.317665044280387,14.3524586002781,0.000151581622820205,0.000647918207180544,0.429820466392305,3.18847981575318
"WBGene00007989",403.198966880149,738.084393927362,83.3919546156401,119.792201839356,336.116879315627,-2.47800999406297,0.332850246326178,51.2589841946847,8.0949411797055e-13,1.7126947183652e-11,0.179491820419781,10.7663200415557
"WBGene00008157",176.541920526619,178.158301982467,77.4353864288087,94.5387106407892,131.668579894671,-1.03502582903122,0.30795345173818,11.2101864332267,0.000813495465684438,0.00291170650441779,0.48800714336177,2.53585240337537
"WBGene00008220",265.382370856143,270.003886234297,69.0961909672447,71.8753211036137,169.089442290325,-1.92251649679677,0.274417259265784,47.9104934335702,4.46127506047862e-12,8.46839461351521e-11,0.263793972071162,10.0721989127595
"WBGene00008390",231.212966883249,738.084393927362,21.4436454725932,58.9248127966563,262.416454769965,-3.58302072028406,0.995855622632146,10.6970649619684,0.00107305634848832,0.00371643906061808,0.083445570484875,2.42987298403802
"WBGene00008394",902.072264884401,767.961873141813,424.107654902398,391.752876285462,621.473667303519,-1.03601865495977,0.168621254561813,37.2282017149625,1.05083057546706e-09,1.32524901268126e-08,0.487671424822946,7.8777025106535
"WBGene00008522",301.829735093897,192.543754937573,106.0269137256,102.956541040311,175.839236199345,-1.24283950089191,0.320909859628199,14.7170862740954,0.000124909203739722,0.000544581600514631,0.422540196979022,3.26393703602204
"WBGene00008560",103.647192051112,64.1812516458576,22.6349591099595,18.1307116297404,52.1485286091673,-2.0551735874292,0.531489380102171,14.4233540635195,0.000145980671807153,0.000625788842161986,0.240619657282517,3.20357218460734
"WBGene00008565",759.699748330676,438.203028478614,44.0786045825526,70.5802702729179,328.14041291619,-3.36039411132046,0.340957866514608,86.6730779202405,1.28027838936833e-20,7.62385131217398e-19,0.0973689698463753,18.1178255823241
"WBGene00008567",849.67917879263,483.57253395241,152.488145582885,124.972405162139,402.678065872516,-2.2706646863078,0.296296061262301,54.7003416902572,1.40381881961896e-13,3.40980202765343e-12,0.20723438630177,11.4672708353165
"WBGene00008584",275.633192048011,245.659273541041,162.018654681815,91.9486089793977,193.814932312566,-1.0531465360198,0.33306932914766,9.80615821494761,0.00173928462078458,0.00571938438649447,0.481915952685157,2.24265071455254
"WBGene00008629",465.842874163788,294.348498927554,61.9483091430469,123.677354331443,236.454259141458,-2.01452401408864,0.376712559273603,27.1563132795203,1.87651406375906e-07,1.54817651919518e-06,0.247495806503819,5.81017952366483
"WBGene00008707",4875.97394693197,4586.74634607034,699.301105134011,633.279856210218,2698.82531358663,-2.8326004560812,0.109756138967173,607.413417213318,4.08637421679182e-134,1.00579290722636e-130,0.14037904933503,129.997491431315
"WBGene00008953",125.287814567278,130.575649900193,57.1830545935818,29.1386436906542,85.5462906879267,-1.59720239163438,0.447568770813665,12.3010033786804,0.000452714853035548,0.00172801575332876,0.330517280692319,2.76245230262532
"WBGene00009213",133.260675494287,82.9929978179193,44.0786045825526,42.0891519976116,75.6053574730925,-1.32906902810829,0.439341943813976,8.98420156469484,0.00272323754747606,0.00840651590742609,0.39802500477521,2.07538396088387
"WBGene00009215",3916.95267542608,4125.30527820271,885.146032563151,990.713885482243,2479.52946791855,-2.09632826480485,0.110819768201961,337.954139260635,1.78002691398335e-75,1.38354934030032e-72,0.233852658546469,71.8590053483857
"WBGene00009237",1013.69231786252,781.24075279268,375.26379577038,309.517148536282,619.928503740466,-1.3955489130015,0.200540666413468,47.0744143501219,6.83420289942238e-12,1.25220233770062e-10,0.380100041281313,9.90232548977824
"WBGene00009300",276.772172180441,266.684166321581,126.279245560826,115.259523931921,196.248776998692,-1.17448881653162,0.251081194472531,21.5921255313698,3.37233549280215e-06,2.10760264738477e-05,0.443040712312046,4.67621126457644
"WBGene00009301",476.093695355656,490.211973777843,225.158277462228,254.477488231713,361.48535870686,-1.00534177246435,0.194627298366053,26.4429129892745,2.71442543434009e-07,2.15867715747627e-06,0.49815210588798,5.66581230403472
"WBGene00009423",67.1998278133582,133.89536981291,23.8262727473257,20.073287875784,61.2486895623444,-2.20619698963792,0.537370309222249,16.0966998145508,6.01888323317602e-05,0.000282001483463019,0.216704799375756,3.54974860707742
"WBGene00009429",124.148834434848,122.829636770521,45.2699182199189,26.5485420292627,79.6992328636376,-1.81148413539834,0.434229710482232,16.7896599804953,4.17602335233225e-05,0.000202400764250878,0.284897696991055,3.69378785196409
"WBGene00009488",366.751602642395,351.890310747978,97.6877182640355,172.889285897882,247.304729388073,-1.39248624279358,0.307867231563559,20.0208643174929,7.66017797557436e-06,4.43977662257779e-05,0.380907805611026,4.35263887989039
"WBGene00009620",154.901298010453,153.81368928921,41.69597730782,56.3347111352648,101.686418935687,-1.63779453867976,0.360777120785111,20.2363387355193,6.8440446018896e-06,4.01720392212662e-05,0.321347345770021,4.3960761219635
"WBGene00009626",211.850304631943,226.847527368979,50.0351727693841,53.0970840585254,135.457522207208,-2.08453851320765,0.309039808157182,44.3314545847539,2.77225854220708e-11,4.50392894953952e-10,0.235771540110651,9.34640846919275
"WBGene00009645",94.5353509916733,82.9929978179193,36.9307227583549,31.7287453520457,61.5469542299983,-1.3790068100202,0.440175067152782,9.6497021686142,0.00189382287496262,0.00615086347425731,0.384483392918523,2.2110639125527
"WBGene00009787",431.673470190894,375.128350136995,54.8004273188492,43.3842028283074,226.246612618761,-3.05953592374924,0.27634505675893,116.947257801267,2.94803955467062e-27,3.24900359278923e-25,0.119946592308223,24.4882498084064
"WBGene00009824",154.901298010453,270.003886234297,64.3309364177795,80.9406769184839,142.544199395253,-1.54040063744466,0.378250742865458,16.147018646298,5.8610753080756e-05,0.00027556943696167,0.343789970556866,3.55976895111468
"WBGene00009877",797.28609270086,449.268761521003,167.975222868646,170.946709651838,396.369196685587,-1.87816971671534,0.290016103162735,39.8965205705103,2.67779790663086e-10,3.73778066967151e-09,0.27202860745374,8.42738618630284
"WBGene00009895",2882.75871517982,2605.98013148267,548.004273188492,869.626632812191,1726.59243816579,-1.94670592693177,0.201299758261438,88.040232412055,6.41365811313371e-21,3.94653762561494e-19,0.259407855391062,18.4037837523495
"WBGene00009964",52.3930860917708,50.9023719949905,14.2957636483954,11.6554574762617,32.3116698028546,-2.00795301331023,0.613746176582828,10.4282808515432,0.00124100205251658,0.0042338697761517,0.248625639448204,2.37326250398512
"WBGene00010066",533.042701977146,523.409172905011,190.610181978606,269.370572784714,379.108157411369,-1.18846468228794,0.228385123931799,26.6746749800162,2.40756452850239e-07,1.94183030895267e-06,0.438769551345812,5.7117887245338
"WBGene00010135",2079.77772181681,2197.6545822185,664.753009650388,734.941346419834,1419.28166502638,-1.60802695399664,0.12300033944807,165.672127117591,6.5235958708679e-38,1.30189815974293e-35,0.32804668466606,34.8854229868827
"WBGene00010351",131850.618090338,132570.801567736,67091.2101155572,60612.2640290528,98031.2234506711,-1.05013350076475,0.0838700987793219,153.45847487487,3.04140912638415e-35,5.34708690219537e-33,0.482923474743268,32.2718827575796
"WBGene00010657",358.778741715387,267.79073962582,179.888359242309,116.554574762617,230.753103836533,-1.09171595498169,0.307414492902418,12.3672916023552,0.000436920956990173,0.00167118588262908,0.469202968184986,2.77697524172221
"WBGene00010661",302.968715226327,448.162188216764,113.174795549797,179.36454005136,260.917559761062,-1.34872305193568,0.317461057027642,17.650463194112,2.65450620290016e-05,0.000134852932935774,0.392639425432313,3.87013960357541
"WBGene00010707",44.4202251647622,33.1971991271677,3.57394091209886,3.88515249208723,21.269129424029,-3.36954764584284,0.851616614157532,15.535626364876,8.09648927551095e-05,0.000368698592725087,0.0967531440965441,3.43332852003667
"WBGene00011418",566.07312581761,500.171133515994,266.854254770048,257.067589893105,397.541525999189,-1.0265168198098,0.188897232817736,29.1939410170015,6.54836614364805e-08,5.85389050904324e-07,0.490893912126478,6.23255540485457
"WBGene00011419",52.3930860917708,36.5169190398845,10.7218227362966,5.82772873813084,26.3648891515207,-2.47285577095322,0.738385170668221,10.7447645249427,0.00104574746343723,0.00363721114932667,0.180134226075731,2.43923148631795
"WBGene00011668",702.750741709186,408.325549264163,234.688786561159,257.067589893105,400.708166856903,-1.17375283518833,0.27961170769879,17.2637225599785,3.25339324144203e-05,0.000161662555146756,0.443266784263936,3.79139056127069
"WBGene00011753",433.951430455753,416.071562393835,115.55742282453,99.7189139635721,266.324832409423,-1.99076169427325,0.229960080529947,72.5833890457712,1.6012114644682e-17,6.51423991935711e-16,0.251606012960518,15.1861362504174
"WBGene00012231",817.787735084596,998.129120423509,346.67226847359,378.154842563157,635.185991636213,-1.32215804758575,0.176120864851788,55.1876856720252,1.09552944343444e-13,2.72370013815484e-12,0.399936248655014,11.5648407071532
"WBGene00012247",102.508211918682,111.763903728131,50.0351727693841,46.6218299050467,77.732279580311,-1.15240564382999,0.386672896591989,8.77848587039465,0.00304804103692967,0.0092945426457521,0.449874455516984,2.03177197558686
"WBGene00012325",43.2812450323324,48.6892253865126,4.76525454946515,11.0079320609138,26.935914257306,-2.48320294037257,0.734708539087877,11.1436339586906,0.000843205440622516,0.00300638772262514,0.178846905277861,2.52195501079565
"WBGene00012439",166.291099334751,184.7977418079,48.8438591320178,55.6871857199169,113.904971498646,-1.73983398329908,0.333759761409043,26.6219440170938,2.47417578539906e-07,1.98687482320681e-06,0.299404127805499,5.70182949338491
"WBGene00012592",521.652900652848,407.218975959924,263.280313857949,159.938777590924,338.022742015411,-1.14518297613224,0.287233756238538,15.5406226169952,8.07511977460945e-05,0.000367952387631695,0.452132341474813,3.43420837460529
"WBGene00012631",88.8404503295243,59.7549584289019,27.4002136594246,23.9584403678712,49.9885156964305,-1.53969552771142,0.512959212520124,8.81490714245703,0.00298779415240689,0.0091240165514361,0.343958037192877,2.03981393556211
"WBGene00012880",569.4900662149,501.277706820232,187.036241066507,222.748742879668,370.138189245327,-1.37799326574418,0.207282156937041,43.3843159670995,4.49778812547678e-11,7.0363702369747e-10,0.384753601000593,9.15265131707632
"WBGene00013007",54.6710463566304,21.0248927805395,3.57394091209886,1.94257624604361,20.3031140738281,-3.84611003417973,1.01070528053052,13.9873537922679,0.000184044354005096,0.000770835796922083,0.0695353288830099,3.11303812530259
"WBGene00013207",67.1998278133582,92.9521575560696,21.4436454725932,33.6713215980893,53.8167381100276,-1.51659027946599,0.511889837882309,8.63926498453763,0.00328994135160162,0.00996837379574328,0.349510988813364,2.00137568513264
"WBGene00013489",1813.25637082824,1912.15866972486,337.141759374659,246.707183247539,1077.31599579382,-2.68719694026883,0.173065899326856,220.768969881823,6.14685477577625e-50,1.97340763757965e-47,0.155264838791797,46.7047831953025
"WBGene00013633",363.334662245106,378.448070049712,166.78390923128,151.520947191402,265.021897179375,-1.22543101823726,0.220573106112743,30.4105843735487,3.49615329967332e-08,3.30757155218293e-07,0.427669723541738,6.4804907520136
"WBGene00013702",79.728609270086,127.255929987476,42.8872909451863,39.4990503362201,72.3427201347422,-1.33348201462402,0.446562820270622,8.75326416077013,0.00309048393423197,0.00941230495787539,0.396809366498117,2.026304010164
"WBGene00013972",75.1726887403668,61.9681050373797,0,3.23762707673936,35.0946052136215,-5.12117719948803,0.908075802729396,36.7335329520336,1.35429749458808e-09,1.68210810765995e-08,0.0287324096579316,7.77414609590351
"WBGene00013986",339.41607946408,216.888367630829,101.261659176134,121.7347780854,194.825221089111,-1.3121273133997,0.317921254726917,16.697588153384,4.38366939847305e-05,0.00021135497772331,0.402726604572122,3.67498751943511
"WBGene00014003",425.978569528745,356.316603964933,25.017586384692,73.1703719343094,220.12078295317,-2.95305383038018,0.417693586980252,45.4107113522388,1.59758278630512e-11,2.71809937651545e-10,0.129134480056317,9.56573466905926
"WBGene00014173",640.106834425547,604.189024114452,247.793236572188,279.083454014932,442.79313728178,-1.23444573180784,0.181382126157323,45.6568031259219,1.4089587520971e-11,2.41947707569418e-10,0.425005750926773,9.61627848843309
"WBGene00014207",711.862582768625,684.968875323894,247.793236572188,253.182437401018,474.451783016431,-1.47817770742286,0.170587231184097,73.6202443089575,9.46885460007901e-18,3.99531556382762e-16,0.358941911401611,15.3984489129165
"WBGene00014262",552.405364228453,533.368332643161,137.001068297123,123.677354331443,336.613029875045,-2.06509908502922,0.205580679494633,97.6425713610014,5.01148229397688e-23,3.87484662395029e-21,0.238969916259413,20.4117454832713
"WBGene00014826",589.991708598636,646.238809675531,142.957636483954,128.857557654226,377.011428103087,-2.19220930525631,0.200959400233553,114.574239916711,9.75450718915613e-27,1.05149315452159e-24,0.21881608442571,23.9781935503321
"WBGene00015046",212.989284764372,143.85452955106,71.4788182419772,92.5961343947455,130.229691738039,-1.11087483075367,0.355669508350917,9.63975463843396,0.00190410670102363,0.00617882833678685,0.463013180873462,2.20909387039828
"WBGene00015196",99.0912715213925,122.829636770521,28.5915272967909,40.146575751568,72.664752835068,-1.67202584163573,0.432721818297055,14.6470200415164,0.000129639448840821,0.000563424184956221,0.313812376745156,3.24916451488024
"WBGene00015273",7693.81079456329,9772.14884973394,4237.50260811188,4188.19438647003,6472.91415971979,-1.05178874646282,0.127204519237609,66.9974790226851,2.71854551769465e-16,9.65083658781602e-15,0.48236972041955,14.0154350379801
"WBGene00015400",2464.75300657809,1437.43872220636,551.578214100591,363.261758010156,1204.2579252238,-2.09425584354387,0.479085919808246,17.6698395479632,2.6276011609174e-05,0.000133808323946304,0.234188827637198,3.87351686914291
"WBGene00015449",195.904582777925,141.641382942582,41.69597730782,12.3029828916095,97.8862314799843,-2.69566987180398,0.552287250020656,21.7081838061021,3.17434183739986e-06,1.99909084241881e-05,0.154355642625561,4.69916747028168
"WBGene00015497",634.411933763398,312.053671795376,137.001068297123,146.988269283967,307.613735784966,-1.7347095347248,0.339517361427939,24.9816054796336,5.7879888437636e-07,4.30831750225307e-06,0.30046950137534,5.36569229878272
"WBGene00015660",1837.17495360927,2396.83777698151,555.15215501269,545.863925138255,1333.75720268543,-1.94377127528588,0.161388623075145,137.466351321081,9.53452718501559e-32,1.4080589746831e-29,0.259936065762718,28.8513791549645
"WBGene00015912",1755.16838407432,1653.22051653295,776.736491562819,854.086022843842,1259.80285375348,-1.06053141179811,0.125734875475906,70.1635342171508,5.45862371059807e-17,2.07765347830186e-15,0.47945542136326,14.6824268845992
"WBGene00016013",162.874158937461,212.462074413873,34.5480954836223,12.9505083069574,105.708709285479,-3.04258827897161,0.489416262673656,35.2468063308296,2.90458019632826e-09,3.38617029511937e-08,0.121363939017282,7.47029120441643
"WBGene00016266",185.653761586057,208.035781196918,69.0961909672447,62.1624398733956,131.237043405904,-1.59108578090628,0.310251882586191,25.7485250570619,3.88924129162301e-07,3.00624392237222e-06,0.331921553353825,5.52197578428055
"WBGene00016274",2982.98896683364,1399.81522986224,41.69597730782,42.7366774129595,1116.80921285417,-5.69718014184687,0.564387307116314,71.3207451033294,3.03626579815437e-17,1.20536487384795e-15,0.0192742677001753,14.9188814686805
"WBGene00016283",281.32809271016,356.316603964933,140.575009209222,133.390235561661,227.902485361494,-1.22135822073538,0.253947065493716,22.7638488422129,1.83179296839509e-06,1.21611326667206e-05,0.428878761527762,4.91502597374766
"WBGene00016340",281.32809271016,117.296770249326,22.6349591099595,22.0158641218276,110.818921547818,-3.15955128018881,0.503455608148139,35.9365992516817,2.0384352357933e-09,2.45143416630256e-08,0.111912936607821,7.6105797653162
"WBGene00016419",2295.04496684605,2477.61762819095,763.63204155179,933.73164893163,1617.5065713801,-1.48675902471996,0.139354317118468,110.328697504025,8.30180700480465e-26,8.45524729979001e-24,0.356813220441189,23.0728736855986
"WBGene00016658",407.754887409868,379.554643353951,69.0961909672447,86.7684056566147,235.79353184692,-2.32082082063448,0.254419357551956,80.3387002723922,3.15430349232891e-19,1.62876762149347e-17,0.200153559726614,16.7881408726602
"WBGene00016714",206.155403969794,177.051728678228,60.7569955056806,91.9486089793977,133.978184283275,-1.30984410019138,0.34222058449813,14.4430831074323,0.000144459413554768,0.000619807268848581,0.403364465430389,3.20774333483711
"WBGene00016722",421.422648999026,422.711002219269,152.488145582885,169.651658821142,291.56836390558,-1.38425327541141,0.212684429691324,41.6944671890062,1.06710540578008e-10,1.57849702455942e-09,0.383087730362872,8.80175623240885
"WBGene00016786",87.7014701970945,30.9840525186899,0,0.647525415347871,29.8332620327831,-7.12457692358513,1.54365211612687,33.0294506810316,9.07733953416721e-09,9.60273282525654e-08,0.00716619529646885,7.01760515424887
"WBGene00016877",489.761456944814,459.227921259153,134.61844102239,120.439727254704,301.011886620265,-1.90239399919654,0.215923804550419,75.3301454458299,3.98232833262694e-18,1.7767681213364e-16,0.267499110774992,15.7503692464744
"WBGene00016892",1224.40364236203,2298.35275290424,176.31441833021,425.424197883551,1031.12375287001,-2.54741051722849,0.729392929298226,10.9077649559742,0.000957619963979034,0.00336397041580456,0.171061794272088,2.47314783222886
"WBGene00016912",48.9761456944814,54.2220919077073,7.14788182419772,12.9505083069574,30.8241569333359,-2.31690695519688,0.665523876156207,11.8432580538411,0.000578704848697221,0.00214885044590038,0.200697290481065,2.66779380916205
"WBGene00017071",1300.71531123483,1491.66081411407,636.161482353597,667.598703223655,1024.03407773154,-1.09745061056907,0.139982522276103,60.535158515437,7.22759716657961e-15,2.08471005773531e-13,0.467341606859046,12.6809543383313
"WBGene00017336",662.886437074143,758.002713403663,165.592595593914,152.815998022098,434.824436023454,-2.16292369245196,0.193158429645498,120.441349134332,5.06420976508916e-28,5.7975387450261e-26,0.223303273813384,25.2367563402847
"WBGene00017390",127.565774832138,86.3127177306361,29.7828409341572,20.073287875784,65.9336553431787,-2.1253143230647,0.484655152543956,18.4463266687875,1.74757364267902e-05,9.27683952375405e-05,0.229201068832133,4.03259995601985
"WBGene00017484",2347.43805293782,2621.47215774201,832.728232519035,927.256394778151,1682.22370949425,-1.49442467898963,0.125942166941731,136.603569707659,1.47230478746869e-31,2.09067279820553e-29,0.354922347524645,28.6797139313397
"WBGene00017485",321.192397345203,328.65227135896,92.9224637145704,62.8099652887435,201.394274426869,-2.08325147324272,0.29029040934586,49.264611424184,2.23661175091588e-12,4.43359494463432e-11,0.235981967664856,10.3532439867618
"WBGene00017488",107.064132448401,153.81368928921,30.9741545715235,28.4911182753063,80.0857736461103,-2.13926574445586,0.42658114321197,24.2926586911297,8.27538608513712e-07,5.91820347241186e-06,0.226995288042534,5.22781010753858
"WBGene00017498",260.826450326424,699.354328279,91.7311500772041,104.899117286355,289.202761492246,-2.28501751935227,0.415333019747233,28.0412742268477,1.1875536659077e-07,1.01668362539854e-06,0.205182910550949,5.9928141710887
"WBGene00017501",326.887298007352,780.134179488441,70.2875046046109,25.9010166139148,300.80249967858,-3.53479842770621,0.875857416973918,13.4811836011574,0.000240967751238051,0.000977640590737235,0.086281888987449,3.00982077522014
"WBGene00017532",993.190675478785,963.825347992103,432.446850363962,443.554909513292,708.254445837035,-1.15852521717954,0.143866323434547,63.9556712614105,1.27250468868872e-15,4.08529331359893e-14,0.447970235273673,13.3887767567804
"WBGene00017587",187.931721850917,180.371448590945,73.8614455167098,65.400066950135,126.891170727177,-1.40992866177784,0.310348400249136,20.2796438338885,6.69086766733789e-06,3.9413934467988e-05,0.376330295130811,4.4043502098325
"WBGene00017691",12914.8957216215,11271.5556769777,2517.24571575496,2105.75265071128,7202.36244126635,-2.38934452191136,0.122219301450736,347.982480651527,1.16543110425022e-77,9.56171474864847e-75,0.190869101422636,74.0194642166051
"WBGene00017756",211.850304631943,330.865417967438,123.896618286094,124.324879746791,197.734305158066,-1.1288831805338,0.307469737810239,13.2692688180094,0.000269792411921431,0.00108367483531415,0.457269569778031,2.96510101153683
"WBGene00017962",232.351947015679,138.321663029865,73.8614455167098,77.7030498417445,130.559526351,-1.28780087271092,0.369521772408421,11.9139985557493,0.000557136811456122,0.00207877625861142,0.409574876404046,2.68219225183231
"WBGene00018055",67.1998278133582,64.1812516458576,5.95656818683144,2.59010166139148,34.9819373268597,-4.04850256009079,0.74456147993293,29.8373358668761,4.69855954600103e-08,4.34219820871985e-07,0.0604337149633505,6.36229035614908
"WBGene00018221",104.786172183542,92.9521575560696,27.4002136594246,25.9010166139148,62.7598900032376,-1.89509502426384,0.442483417901316,17.9143326680277,2.31074350225664e-05,0.000119443682328758,0.268855888622802,3.92283681621397
"WBGene00018343",189.070701983347,100.698170685742,28.5915272967909,44.6792536590031,90.7599134062207,-1.96343744903938,0.475023887498581,16.4399342958042,5.02161069049612e-05,0.000239842000896658,0.256416774731092,3.62007476135223
"WBGene00018375",112.75903311055,47.5826520822737,21.4436454725932,16.1881353836968,49.4933665122784,-2.10513741679023,0.61629899367202,11.1256886112026,0.000851402615677051,0.00303195414234837,0.232429095713414,2.51827737160056
"WBGene00018403",211.850304631943,125.042783378998,81.0093273409075,57.6297619659605,118.883044329452,-1.29240340336228,0.401742575347537,10.1049555213347,0.00147871161753653,0.00495071710899556,0.408270319902189,2.30533188916282
"WBGene00018601",117.314953640269,94.0587308603085,16.678390923128,15.5406099683489,60.8981713480137,-2.71989616414031,0.482259992174673,30.8435003482968,2.7969733612135e-08,2.68393129294353e-07,0.151785284679507,6.57122860604307
"WBGene00018702",358.778741715387,576.524691508479,191.801495615972,240.879454509408,341.996095837312,-1.10722770957794,0.282323914199682,15.1299413404512,0.000100358905439852,0.000446819510260999,0.464185155126017,3.3498678717836
"WBGene00018708",135.538635759146,137.215089725627,28.5915272967909,13.5980337223053,78.7358216259672,-2.74682345332598,0.478152054509001,31.0315274295214,2.53871003020104e-08,2.45364330667598e-07,0.148978551633189,6.61018857168304
"WBGene00018885",302.968715226327,212.462074413873,70.2875046046109,61.5149144580477,161.808302175715,-1.9743295630571,0.322065706478949,36.1642220998521,1.81369982549839e-09,2.19907381140889e-08,0.254488159118939,7.65776019339974
"WBGene00019189",148.067417215874,203.609487979962,82.2006409782738,90.6535581487019,131.132776080703,-1.02104671252197,0.329450199060645,9.51112229397376,0.00204230217073084,0.00656095681038788,0.492758713348041,2.18303282111665
"WBGene00019208",223.240105956241,156.026835897688,7.14788182419772,12.9505083069574,99.841332996271,-4.16997383912488,0.483002917718112,73.6985044946083,9.10078031293903e-18,3.85101213929752e-16,0.0555536749372771,15.4144251123766
"WBGene00019472",93.3963708592435,193.650328241812,59.5656818683143,47.2693553203946,98.470434072441,-1.43449543263269,0.459721854963993,9.46912655436883,0.00208958842764769,0.00668958202894019,0.36997624997699,2.17460101649161
"WBGene00019540",5822.46643698113,5148.88558462371,1535.60327856514,665.656126977611,3293.1528567869,-2.31821853928044,0.575967513534667,14.7166945371736,0.000124935161331499,0.000544581600514631,0.200514915310953,3.26393703602204
"WBGene00019565",422.561629131456,158.239982506166,7.14788182419772,4.5326779074351,148.120542842314,-5.69486982472522,0.620618230954549,79.5220567743904,4.76871786160574e-19,2.39538861837393e-17,0.0193051580429935,16.6206240183146
"WBGene00019939",43.2812450323324,43.156358865318,11.9131363736629,9.06535581487019,26.8540240215459,-2.06330496510513,0.675712611605407,9.06954706585184,0.00259901437575137,0.00807300130430183,0.239267281520289,2.09296497735047
"WBGene00020315",610.493350982372,979.317374251448,314.5068002647,354.843927610633,564.790363277288,-1.2458932868424,0.246067952989054,25.0466906498146,5.59587139844697e-07,4.18429512973493e-06,0.42164674230594,5.37837769108748
"WBGene00020472",20.5016423837364,38.7300656483623,1.19131363736629,4.5326779074351,16.238924894225,-3.26232423212541,1.03587516325527,9.69184033564366,0.00185088072274513,0.00604062697097631,0.104217955841771,2.21891798258681
"WBGene00020611",29.6134834431748,48.6892253865126,4.76525454946515,1.94257624604361,21.252634906299,-3.64475596894848,0.924953382231568,15.0822438158531,0.00010292690710259,0.000457287774997306,0.079950121204012,3.33981040877059
"WBGene00020674",8043.47769521924,3959.31928256687,59.5656818683143,152.815998022098,3053.79466441913,-5.81531156576256,0.794630394742518,35.692763295508,2.3102059333186e-09,2.7425338603898e-08,0.0177589295577115,7.56184800175155
"WBGene00020732",1728.97184102844,1568.01437210655,589.700250496312,512.192603540166,1099.71976679287,-1.58601171331113,0.142209117726298,120.323084545399,5.37529665830558e-28,6.10633700383514e-26,0.33309100188,25.2142192310123
"WBGene00020741",103.647192051112,87.419291034875,7.14788182419772,7.12277956882658,51.3342861197528,-3.7431861415581,0.578061296526131,42.2681357962619,7.95786189885319e-11,1.20042599103436e-09,0.0746773145537341,8.92066461001443
"WBGene00020808",3386.18793371379,3400.49976392621,1205.60940101468,1213.46262836191,2301.43993175415,-1.48803907887806,0.0979261781445167,224.437462669425,9.73873752243083e-51,3.59554189328146e-48,0.356496772634525,47.4442356467202
"WBGene00020917",585.435788068917,621.894196982275,272.81082295688,288.148809829803,442.072404459469,-1.10349488853793,0.176143339951383,38.7950302923038,4.70724776920033e-10,6.27973216400637e-09,0.465387740297552,8.20205887890207
"WBGene00021005",17196.3220394251,14520.4548982232,7583.90261547378,8153.64003006039,11863.5798957956,-1.01069985462462,0.109116827093615,84.1830870448225,4.51012459359817e-20,2.54219541978083e-18,0.496305430426854,17.5947910680738
"WBGene00021135",140.094556288865,221.314660847785,38.1220363957212,51.1545078124818,112.671440336213,-2.00253890599768,0.397684752518867,24.4563037952002,7.60143910213387e-07,5.49745605584295e-06,0.249560428017145,5.25983823350536
"WBGene00021136",132.121695361857,171.518862157033,16.678390923128,27.8435928599585,87.0406353254941,-2.73159278401799,0.440926491694465,36.8635051404787,1.26695427712595e-09,1.58428287591837e-08,0.150559663719362,7.80016727193711
"WBGene00021263",1232.37650328904,868.660043827555,487.247277682811,354.843927610633,735.781938102511,-1.32460109856855,0.229298786018658,32.4038142302738,1.25240411572667e-08,1.29429698957673e-07,0.399259572152508,6.88796605895694
"WBGene00021713",83.1455496673753,81.8864245136804,28.5915272967909,33.0237961827414,56.661824415147,-1.41292604280889,0.454524332626932,9.53652776812128,0.00201422437777294,0.00648910680867162,0.375549233104177,2.18781507743087
"WBGene00021772",64.9218675484986,39.8366389526013,10.7218227362966,12.9505083069574,32.1077093860885,-2.13208180523396,0.654553307670435,10.31636607567,0.00131855658994801,0.0044723113735306,0.228128436187047,2.34946796739833
"WBGene00021779",1060.39050329214,898.537523042006,82.2006409782738,81.5882023338317,530.679217411564,-3.58074324492401,0.201780118262732,297.947328869193,9.22538100829084e-67,5.2400164127092e-64,0.083577403831074,63.2806673527228
"WBGene00021791",30.7524635756046,26.5577593017342,2.38262727473257,3.23762707673936,15.7326193072027,-3.31590670433295,0.973660819600832,11.5654402761561,0.000671889791247819,0.00245544875950205,0.100418243194317,2.60986912432924
"WBGene00021835",328.026278139782,350.783737443739,104.835600088233,165.766506329055,237.353030500202,-1.31139402412689,0.287400404763495,20.4622315383939,6.08196219877014e-06,3.60861461436069e-05,0.402931353430575,4.44265949638148
"WBGene00021873",20.5016423837364,15.4920262593449,1.19131363736629,0.647525415347871,9.45812692394887,-4.37991623756676,1.45413163213597,9.77734103558247,0.00176675626238106,0.00579166625590311,0.0480301379494321,2.23719647225907
"WBGene00022245",5204.00022507175,6325.17300702969,1535.60327856514,1383.11428718305,3611.97269946241,-1.98364874457966,0.128878660203968,222.391287492332,2.72141846788268e-50,9.34649021713755e-48,0.252849574435977,47.0293514442603
"WBGene00022508",927.129827797857,876.406056957228,437.212104913427,415.063791237985,663.952945226624,-1.08349161147693,0.149918304319861,51.5444689725014,6.99936025242666e-13,1.50242081697437e-11,0.471885382932394,10.8232084076163
"WBGene00022645",4068.43703303924,4251.45463488594,458.655750386021,977.115851759937,2438.91581751779,-2.5332278272716,0.520209596150313,21.2186724502539,4.09753069000435e-06,2.52555647871387e-05,0.172751743081352,4.5976429149681
"WBGene00022821",2345.16009267296,2073.71837214374,779.119118837552,773.145345925358,1492.7857323949,-1.50946475753531,0.124204649807082,143.351016195951,4.92587666133249e-33,8.04597269018984e-31,0.351241505997463,30.0944214458537
"WBGene00044201",44.4202251647622,66.3943982543354,5.95656818683144,7.12277956882658,30.9734927936889,-3.06567053270566,0.701785941884869,18.6185420982434,1.59660084366616e-05,8.55847595617492e-05,0.119437639826878,4.06760356508361
"WBGene00044292",306.385655623616,400.57953613449,40.5046636704538,92.5961343947455,210.016497455826,-2.38000992426533,0.385073240157334,35.8096045919532,2.17572657679869e-09,2.5995819989059e-08,0.192108076149509,7.5850964790149
"WBGene00044471",261.965430458854,476.933094126976,8.33919546156401,16.1881353836968,190.856463857773,-4.84250270471415,0.453255667490889,106.525974088753,5.65464799110219e-25,5.3189707982546e-23,0.0348547066412429,22.2741723939982
"WBGene00044472",287.022993372309,422.711002219269,75.0527591540761,121.7347780854,226.630383207764,-1.83432411348124,0.332157598718316,29.3328750483135,6.09527921829819e-08,5.49207342866551e-07,0.280422863718768,6.26026366490741
"WBGene00044535",800.703033098149,634.066503328903,315.698113902066,293.329013152586,510.949165870426,-1.23855554496114,0.193374201912106,40.2200070723117,2.26912437953598e-10,3.20061402454512e-09,0.42379675759965,8.4947666960893
"WBGene00044665",271.077271518292,284.389339189403,101.261659176134,149.578370945358,201.576660207297,-1.13267262559042,0.287841003026755,15.3120307973791,9.11342537111725e-05,0.000410702062498198,0.456070061821049,3.38647311616427
"WBGene00045271",150.345377480734,137.215089725627,40.5046636704538,34.3188470134372,90.5959944725627,-1.95362938655936,0.375536226156759,26.3297237367913,2.87824743583062e-07,2.28036256074821e-06,0.258165945515402,5.64199609790555
"WBGene00164968",129.843735096997,151.600542680733,29.7828409341572,29.1386436906542,85.0914406006353,-2.25787162287055,0.393451165069197,31.9999559122445,1.54176078021733e-08,1.54889273484691e-07,0.209080203994936,6.80997865730671
"WBGene00189949",209.572344367083,164.8794223316,71.4788182419772,55.6871857199169,125.404442665144,-1.57074055182744,0.339692351364234,20.8308716713998,5.01677570178804e-06,3.05264703601177e-05,0.336635550989263,4.51532340833619
"WBGene00194674",785.896291376562,930.628148864935,357.394091209886,372.974639240374,611.723292672939,-1.23138206662373,0.16955093674447,51.8302708921727,6.05116584855569e-13,1.31610629236333e-11,0.425909239736945,10.880709034489
"WBGene00194717",85.4235099322349,87.419291034875,27.4002136594246,25.253491198567,56.3741264562754,-1.72030112940269,0.459227096706562,13.7440904510528,0.000209478821326918,0.000864370839160639,0.303485368897816,3.0632998931137
"WBGene00206464",30.7524635756046,49.7957986907516,4.76525454946515,6.47525415347871,22.947192742325,-2.81424132109725,0.79853941336596,12.0921546770355,0.000506344258158374,0.00191147546126863,0.142176869422375,2.7186312729021
"WBGene00306133",117.314953640269,111.763903728131,29.7828409341572,33.0237961827414,72.9713736213248,-1.85972887113947,0.409585375687932,20.1894844737249,7.01374299410929e-06,4.10213689255469e-05,0.275528054698763,4.38698985086938
